area_code,pref_code,area_name,area_name_en,level,vacant_total_1958,vacant_for_rent_1958,vacant_for_sale_1958,vacant_secondary_1958,vacant_other_1958,vacant_total_1963,vacant_for_rent_1963,vacant_for_sale_1963,vacant_secondary_1963,vacant_other_1963,vacant_total_1968,vacant_for_rent_1968,vacant_for_sale_1968,vacant_secondary_1968,vacant_other_1968,vacant_total_1973,vacant_for_rent_1973,vacant_for_sale_1973,vacant_secondary_1973,vacant_other_1973,vacant_total_1978,vacant_for_rent_1978,vacant_for_sale_1978,vacant_secondary_1978,vacant_other_1978,vacant_total_1983,vacant_for_rent_1983,vacant_for_sale_1983,vacant_secondary_1983,vacant_other_1983,vacant_total_1988,vacant_for_rent_1988,vacant_for_sale_1988,vacant_secondary_1988,vacant_other_1988,vacant_total_1993,vacant_for_rent_1993,vacant_for_sale_1993,vacant_secondary_1993,vacant_other_1993,vacant_total_1998,vacant_for_rent_1998,vacant_for_sale_1998,vacant_secondary_1998,vacant_other_1998,vacant_total_2003,vacant_for_rent_2003,vacant_for_sale_2003,vacant_secondary_2003,vacant_other_2003,vacant_total_2008,vacant_for_rent_2008,vacant_for_sale_2008,vacant_secondary_2008,vacant_other_2008,vacant_total_2013,vacant_for_rent_2013,vacant_for_sale_2013,vacant_secondary_2013,vacant_other_2013,vacant_total_2018,vacant_for_rent_2018,vacant_for_sale_2018,vacant_secondary_2018,vacant_other_2018,vacant_total_2023,vacant_for_rent_2023,vacant_for_sale_2023,vacant_secondary_2023,vacant_other_2023
00000,00,全国,Japan,national,,,,,,,,,,,,,,,,1720300,,,,,2679200,,,137200,,3301800,1834000,,216200,1251500,3940400,2335800,,295000,1309500,4475800,2618900,,369100,1487800,5764100,3520000,,419300,1824900,6593300,3674900,302600,498200,2117600,7567900,4126800,348800,411200,2681100,8195600,4291800,308200,412000,3183600,8488600,4327200,293200,381000,3487200,9001600,4435800,326200,383500,3856000
01000,01,北海道,Hokkaido,prefecture,21000,,,,,41800,,,,,59650,,,,,92300,,,,,118100,,,2100,,166500,102400,,3600,60500,220300,157600,,6700,56100,230400,152800,,9000,68700,273400,182000,,10900,80500,303800,180000,11300,11300,101200,374400,239600,15100,10600,109100,388200,224300,12400,12100,139500,379800,204600,9000,8900,157300,451900,258700,19600,10700,163000
02000,02,青森県,Aomori-ken,prefecture,2000,,,,,2800,,,,,8400,,,,,12900,,,,,21200,,,400,,31000,17000,,1200,12800,44200,24500,,2000,17600,51000,28100,,1300,21600,58500,29400,,2100,26900,70100,39500,2100,3500,25000,84700,47700,1400,2000,33600,81200,40900,1700,2000,36600,88700,39200,1400,2200,45800,98800,39900,2200,1700,55000
03000,03,岩手県,Iwate-ken,prefecture,3200,,,,,4600,,,,,10260,,,,,13900,,,,,19400,,,700,,29200,14700,,1300,13200,38000,21600,,2200,14300,40200,23700,,1100,15400,51100,24500,,2500,24100,60800,30700,1300,3100,25700,77300,38300,2000,3700,33400,76300,30200,1000,4100,41000,93500,38600,1100,3500,50200,100400,41100,2000,3200,54100
04000,04,宮城県,Miyagi-ken,prefecture,3400,,,,,4300,,,,,10800,,,,,18100,,,,,33100,,,500,,42800,24900,,2800,15100,55800,40000,,1800,14000,72600,44200,,5900,22600,98600,71700,,5100,21700,106300,71500,5800,3000,26100,138400,89100,4900,4900,39500,96900,48800,1900,3200,43000,130500,72700,3600,3700,50400,140300,80200,6500,1600,52000
05000,05,秋田県,Akita-ken,prefecture,2400,,,,,3500,,,,,7220,,,,,11000,,,,,16100,,,400,,21500,9700,,600,11300,27800,13600,,1900,12300,29300,12300,,1200,15800,37200,17500,,1700,18000,44200,19000,1400,2500,21300,55300,25200,1600,1800,26700,56600,20500,1300,1300,33500,60800,19600,1000,1200,38900,69500,23600,1000,1000,43900
06000,06,山形県,Yamagata-ken,prefecture,2100,,,,,3500,,,,,5000,,,,,9700,,,,,14100,,,400,,18700,9000,,1200,8500,18300,9400,,1000,7900,20700,9600,,1300,9800,27800,15000,,1300,11400,40000,20400,1900,1900,15800,47500,24700,1000,1600,20200,46100,20400,1100,2300,22200,54200,21500,1400,1700,29600,61700,22200,1900,1600,35900
07000,07,福島県,Fukushima-ken,prefecture,4800,,,,,7400,,,,,13280,,,,,18600,,,,,28400,,,700,,36800,21400,,1700,13700,51400,32300,,2500,16700,53500,31100,,2700,19700,72000,40800,,3900,27300,96200,53600,2700,7500,32300,105000,60100,2200,4500,38200,91800,35900,3900,5400,46500,123500,56500,2600,5500,58900,131000,60800,3900,3700,62600
08000,08,茨城県,Ibaraki-ken,prefecture,5100,,,,,6700,,,,,14320,,,,,23400,,,,,42900,,,1300,,52800,30700,,4500,17700,74000,42100,,5100,26700,92600,59700,,6200,26700,129400,78400,,11300,39700,146700,85700,4700,13500,42700,178400,107200,6900,8400,55900,184700,104100,4900,8500,67200,197200,105400,4500,9000,78200,196200,90700,5400,6800,93200
09000,09,栃木県,Tochigi-ken,prefecture,4700,,,,,5500,,,,,12260,,,,,23100,,,,,36100,,,4500,,41900,23200,,5300,13400,54300,29000,,6900,18400,69700,39600,,10600,19500,88600,49900,,13000,25700,103700,63400,3300,9900,27000,126300,67100,4200,12800,42300,143400,76000,2500,14600,50200,160700,83400,3600,16300,57500,163700,76700,3800,18900,64300
10000,10,群馬県,Gunma-ken,prefecture,4900,,,,,5300,,,,,13540,,,,,19600,,,,,34800,,,4600,,42300,18600,,8500,15200,58200,30400,,13000,14800,73800,40300,,13700,19800,92600,52900,,14700,25000,108900,57600,3200,9700,38400,123100,66700,5100,6500,44800,150100,74700,2100,16900,56400,158300,77100,3900,14800,62600,161300,68500,3700,16000,73100
11000,11,埼玉県,Saitama-ken,prefecture,7600,,,,,14500,,,,,40930,,,,,83900,,,,,118500,,,3200,,138900,91400,,5900,41600,157900,103700,,7900,46300,197900,136800,,11900,49300,257400,181300,,11900,64200,273100,167900,18100,11600,75400,322600,191700,23300,9500,98100,355000,210700,22900,9200,112200,346200,199400,15300,7400,124100,330400,166800,21400,6300,135800
12000,12,千葉県,Chiba-ken,prefecture,7600,,,,,14600,,,,,33680,,,,,78700,,,,,119900,,,6700,,154400,86000,,13200,55200,159800,94700,,15800,49200,203900,126500,,23100,54300,294700,194000,,27800,72900,321900,175500,17900,39400,89100,355900,190800,24200,29300,111500,367200,194200,15200,23400,134400,382500,198300,16200,23600,144400,394100,196400,17200,21900,158500
13000,13,東京都,Tokyo-to,prefecture,41000,,,,,67000,,,,,124390,,,,,213400,,,,,341800,,,12800,,395200,269200,,16700,109300,411100,283400,,20900,106800,527100,388100,,28800,110200,624400,481400,,24900,118100,665400,459600,42300,22700,140800,750300,491600,53400,16800,188500,817100,598400,54100,12100,152400,809900,579000,41500,9300,180000,896500,629000,43800,9600,214200
14000,14,神奈川県,Kanagawa-ken,prefecture,15000,,,,,24100,,,,,58550,,,,,105000,,,,,154200,,,10200,,182300,109600,,17300,55500,195700,126000,,15000,54800,271200,185800,,23700,61600,349100,253800,,21800,73500,391600,249400,24300,31300,86600,428600,260700,28000,23700,116300,486700,304300,24500,24600,133200,484700,295000,23800,18100,147700,467100,279000,21800,15300,151000
15000,15,新潟県,Niigata-ken,prefecture,5300,,,,,6500,,,,,13340,,,,,24900,,,,,32500,,,1300,,43500,23100,,3300,17100,57100,31000,,4400,21700,60900,29300,,8500,23100,76000,38300,,9000,28600,92100,41500,2700,10000,37900,112800,53200,5500,8000,46000,132000,51100,2900,7700,70300,146200,58500,3900,19100,64800,155300,54500,4000,19400,77500
16000,16,富山県,Toyama-ken,prefecture,2600,,,,,3200,,,,,7440,,,,,11400,,,,,16100,,,500,,20000,9500,,1100,9500,22600,10000,,1200,11500,27000,12700,,1400,12900,37100,17500,,2200,17400,47300,21200,1800,2900,21400,52200,24900,1900,2000,23300,56200,22000,1900,1400,30800,60000,24900,1500,1400,32200,69700,26300,2300,1200,39800
17000,17,石川県,Ishikawa-ken,prefecture,3200,,,,,3700,,,,,8100,,,,,12900,,,,,23000,,,1400,,26500,11200,,1400,13900,33300,17200,,2000,14100,37500,18200,,1900,17300,47600,25700,,2500,19300,63500,32700,1500,3900,25400,72700,38100,2600,3100,28900,76900,35900,1400,3500,36200,77800,36300,1100,2700,37600,86400,40500,2100,3100,40700
18000,18,福井県,Fukui-ken,prefecture,2000,,,,,3300,,,,,6510,,,,,8600,,,,,13600,,,500,,16200,7200,,1100,7900,19100,8600,,1800,8700,20600,9000,,2400,9300,28100,13800,,1700,12600,38300,19300,1200,2100,15800,46700,24100,900,1200,20500,43000,18800,500,1200,22500,45000,18700,1100,1400,23800,53100,20400,2400,1400,28900
19000,19,山梨県,Yamanashi-ken,prefecture,2100,,,,,3000,,,,,5900,,,,,9300,,,,,14000,,,900,,24700,8400,,7500,8900,35100,11900,,11700,11500,41200,14500,,14600,12100,52300,23600,,12900,15900,73600,31600,1500,22000,18600,80900,35600,3600,16200,25400,92900,37400,1800,20200,33600,90000,35600,1200,16500,36600,87200,31000,1900,17100,37200
20000,20,長野県,Nagano-ken,prefecture,9300,,,,,14300,,,,,18510,,,,,33500,,,,,47300,,,14600,,72600,21800,,25200,25500,83000,25100,,31800,26100,94700,28600,,36200,29900,129800,55300,,35500,39000,148900,58900,2600,43700,43600,183000,76200,3600,43700,59500,194000,64800,3800,51100,74400,197300,61100,3400,48400,84300,208500,57100,2900,56000,92300
21000,21,岐阜県,Gifu-ken,prefecture,5200,,,,,6800,,,,,15380,,,,,25100,,,,,38400,,,1200,,48600,25200,,4100,19300,55900,28400,,4600,22900,62000,33600,,4000,24400,84800,44700,,7700,32400,101900,55200,3300,6800,36600,117900,60400,3700,8200,45700,133400,62700,4100,8900,57600,139800,64100,3900,8400,63500,148400,61700,4000,8400,74400
22000,22,静岡県,Shizuoka-ken,prefecture,9600,,,,,12900,,,,,27920,,,,,48500,,,,,80100,,,21400,,94000,38800,,23000,32200,108900,49200,,30600,29100,121200,50700,,37900,32600,165700,82200,,40800,42700,201000,91700,6400,52900,49900,226800,104800,7700,51000,63300,270900,137200,7500,42900,83300,281600,142300,9200,41900,88300,296300,144400,8400,38500,104800
23000,23,愛知県,Aichi-ken,prefecture,19000,,,,,22700,,,,,54590,,,,,97800,,,,,167100,,,4900,,184600,108700,,7600,68300,210900,137000,,8100,65800,228900,145100,,13200,70600,298900,197800,,13700,87300,333400,204500,13600,14900,100400,343600,206400,14000,9000,114300,422000,264100,14900,8600,134500,393800,230900,13100,7200,142600,433000,251800,18300,6800,156000
24000,24,三重県,Mie-ken,prefecture,6900,,,,,6800,,,,,15280,,,,,22000,,,,,35100,,,2300,,44100,16500,,2500,25100,54600,21200,,4700,28700,59800,22000,,6000,31800,84800,37500,,6400,40900,101200,40900,3300,10300,46700,104600,41600,2800,7100,53200,128500,51000,2900,5700,69000,129600,43000,2500,6600,77500,142700,50800,3300,5500,83100
25000,25,滋賀県,Shiga-ken,prefecture,3700,,,,,3300,,,,,7160,,,,,12700,,,,,28500,,,3800,,28800,11000,,3300,14600,31700,13400,,3800,14600,38900,15700,,4800,18300,50200,21100,,6500,22600,63800,27600,2500,7900,25800,73300,28400,2100,7500,35300,77800,31300,3000,7900,35700,81200,32800,2800,7200,38300,81600,25100,3200,4700,48500
26000,26,京都府,Kyoto-fu,prefecture,7300,,,,,10300,,,,,21260,,,,,34900,,,,,62700,,,4200,,85800,47300,,6900,31600,98900,55300,,9700,33900,99800,56700,,8100,35000,135100,77900,,9600,47600,153100,75200,8200,12200,57500,167000,79400,10300,11000,66300,175300,80600,7700,9400,77500,171800,76700,6900,7000,81300,180400,81000,6900,7700,84900
27000,27,大阪府,Osaka-fu,prefecture,30000,,,,,40900,,,,,103720,,,,,165900,,,,,279100,,,9100,,327600,223400,,10300,93900,364200,255800,,17100,91300,369400,244700,,20100,104700,501300,372100,,22500,106700,603300,409800,41000,23200,129400,625100,392100,40900,15500,176700,678800,418700,31900,13800,214400,709400,453900,35800,10600,209200,701900,436100,30000,8800,226900
28000,28,兵庫県,Hyogo-ken,prefecture,22000,,,,,29000,,,,,56690,,,,,93700,,,,,139200,,,5500,,173100,98300,,7900,66900,195800,112200,,16200,67400,202000,119900,,14400,67700,299100,170300,,15200,113500,313600,171700,18900,19200,103800,336200,178200,20200,13900,123900,356500,172700,21400,14800,147700,360200,177700,18600,11900,151900,386900,180400,17400,16500,172700
29000,29,奈良県,Nara-ken,prefecture,2800,,,,,4400,,,,,9510,,,,,15700,,,,,25700,,,1100,,30800,14300,,2300,14200,38900,19800,,2300,16800,46100,23600,,2900,19600,64200,33600,,3800,26800,75700,36800,5900,4800,28200,86400,40500,5800,3400,36700,84500,35100,3700,3000,42700,87200,35200,3200,3200,45600,93600,39000,3100,2000,49500
30000,30,和歌山県,Wakayama-ken,prefecture,6400,,,,,7500,,,,,13510,,,,,17500,,,,,31700,,,700,,38500,16300,,4100,18100,49600,20000,,7300,22300,50800,20300,,6900,23600,62600,27300,,8800,26600,80400,30600,2700,12300,34700,83700,31600,3000,6700,42500,86000,27800,2400,7600,48200,98400,34000,2600,7400,54400,105300,35100,2400,8000,59800
31000,31,鳥取県,Tottori-ken,prefecture,1500,,,,,1900,,,,,4080,,,,,6300,,,,,9300,,,500,,14600,7100,,700,6900,18500,9000,,2000,7400,19500,8000,,2100,9500,23100,9600,,2600,10900,30000,12100,1200,3200,13400,38000,17100,900,1600,18500,35900,13200,500,1500,20700,39900,14900,800,1400,22800,41300,13800,1100,900,25400
32000,32,島根県,Shimane-ken,prefecture,3600,,,,,4700,,,,,6420,,,,,10000,,,,,13100,,,500,,16100,5500,,500,10000,19200,7100,,900,11200,22600,7700,,1200,13700,28100,8500,,1400,18200,31500,9800,700,1800,19200,44200,15000,600,2000,26600,44800,12900,800,2100,29000,48300,13000,600,1500,33200,54600,15700,1100,1500,36300
33000,33,岡山県,Okayama-ken,prefecture,6200,,,,,8500,,,,,17250,,,,,25300,,,,,43700,,,1100,,51800,22300,,1500,28000,73100,41600,,3100,28400,65100,32300,,3500,29300,100200,55100,,5000,40200,104200,50400,2600,4600,46600,128300,53200,2700,5100,67400,140100,61600,3100,3700,71700,142500,62200,3300,3600,73400,157200,65000,3800,5800,82600
34000,34,広島県,Hiroshima-ken,prefecture,11000,,,,,13200,,,,,25550,,,,,42700,,,,,66400,,,3800,,80100,41200,,2600,36300,100500,55900,,5100,39600,117800,60400,,6600,50900,156600,90000,,8400,58200,171600,90500,5800,9200,66100,198300,95200,5400,13000,84600,221300,105100,6500,8300,101400,215600,89000,5900,6600,114200,231400,102600,6200,7800,114700
35000,35,山口県,Yamaguchi-ken,prefecture,6200,,,,,10700,,,,,18450,,,,,23500,,,,,35300,,,800,,41700,16300,,1400,24000,53900,29300,,2500,22100,56300,24200,,3000,29100,70500,32500,,3100,34900,82200,35800,2400,4600,39500,104600,44400,2300,3500,54400,114400,43700,3500,4300,62900,126800,50300,2800,2300,71400,140700,53600,3700,2900,80500
36000,36,徳島県,Tokushima-ken,prefecture,3000,,,,,4800,,,,,8340,,,,,11700,,,,,17600,,,400,,25000,9800,,1100,14100,30000,14200,,1600,14200,36700,14200,,1900,20600,40800,17200,,4900,18700,46100,19900,1400,2500,22300,56500,24000,1100,3400,28000,64000,23300,1300,3400,36000,74100,30200,1500,3000,39300,83000,31300,2100,2000,47600
37000,37,香川県,Kagawa-ken,prefecture,3500,,,,,5100,,,,,8930,,,,,15200,,,,,25600,,,1500,,27600,11700,,2100,13800,34800,15800,,1900,17100,39400,18000,,3900,17400,49800,25800,,3800,20200,58400,27200,1600,3700,25800,71400,33200,1300,3900,33100,80900,30300,2000,3000,45700,88200,36900,1800,2800,46700,91500,38200,2200,3200,47900
38000,38,愛媛県,Ehime-ken,prefecture,8000,,,,,10000,,,,,17210,,,,,24500,,,,,35500,,,900,,48300,22300,,1200,24700,60000,30800,,2200,27100,67500,36500,,3700,27400,71500,31700,,4100,35700,88900,40100,2900,5700,40200,102800,49100,1900,3800,48000,123400,50300,2100,3900,67100,129800,49700,3100,3900,73100,145600,48400,3300,3800,90100
39000,39,高知県,Kochi-ken,prefecture,5500,,,,,6000,,,,,11350,,,,,17400,,,,,23000,,,600,,33700,14500,,1000,18100,43200,21100,,1400,20700,48500,23800,,1800,22800,46100,17700,,2900,25500,52500,20000,1700,3400,27500,62600,27400,900,3400,30800,69800,23700,1000,3700,41400,74600,21200,800,2400,50100,78700,24300,1700,2500,50100
40000,40,福岡県,Fukuoka-ken,prefecture,16000,,,,,29100,,,,,44170,,,,,70900,,,,,105100,,,1400,,132300,79700,,2400,50200,170400,123700,,3700,43100,172500,109600,,5800,57100,199100,131800,,6900,60300,242600,144000,10600,10000,78000,324600,203500,15600,7800,97700,316800,181200,12200,6700,116700,328600,180200,16700,5600,126000,335300,189100,16500,4300,125500
41000,41,佐賀県,Saga-ken,prefecture,3400,,,,,4900,,,,,7050,,,,,7500,,,,,9300,,,100,,12800,4800,,200,7800,16700,8200,,300,8100,18300,7600,,700,10100,24700,11400,,1000,12300,28400,12400,800,1500,13600,35700,15800,1100,1300,17600,43300,17200,900,1200,24000,50500,21100,1600,1000,26800,53300,22600,1400,1000,28300
42000,42,長崎県,Nagasaki-ken,prefecture,8200,,,,,12000,,,,,16620,,,,,20300,,,,,26800,,,800,,33200,15600,,1200,16400,50500,26400,,1000,23000,48900,23300,,1900,23600,64500,30900,,4200,29400,74500,33500,2200,3400,35400,88800,38900,2300,2500,45200,101800,42700,2200,3700,53200,101500,37900,2300,3600,57700,113000,41700,3300,3100,64900
43000,43,熊本県,Kumamoto-ken,prefecture,5700,,,,,6900,,,,,12260,,,,,18600,,,,,28800,,,1000,,36900,15600,,1000,20300,49100,27200,,1700,20200,57800,30100,,1700,26000,68100,34200,,4000,29900,81400,38600,2600,4600,35600,102800,48500,2800,5000,46500,114800,47700,2800,3900,60400,111900,41400,2900,3200,64400,127100,54300,3000,4800,65000
44000,44,大分県,Oita-ken,prefecture,4100,,,,,5800,,,,,11030,,,,,14500,,,,,26100,,,700,,31900,17900,,1800,12200,42600,25300,,2200,15100,44500,24000,,2700,17800,58800,28200,,5100,25600,65700,32800,2600,4300,26000,77200,37500,2000,3300,34400,89900,38800,2000,5400,43800,97700,42100,2100,4800,48700,115500,48800,2200,6500,58000
45000,45,宮崎県,Miyazaki-ken,prefecture,3900,,,,,4800,,,,,10860,,,,,14200,,,,,20900,,,300,,26700,11900,,500,14300,34300,17400,,1100,15700,37900,16700,,1600,19600,48300,21200,,2700,24400,53500,22900,1500,3100,25900,62900,27100,2000,1700,32100,74200,27500,1500,1700,43600,84200,30900,2000,1500,49900,90700,31900,2200,1500,55000
46000,46,鹿児島県,Kagoshima-ken,prefecture,8900,,,,,9800,,,,,17510,,,,,27100,,,,,38200,,,500,,54700,18300,,1300,35100,80900,33400,,4000,43500,83800,31700,,2200,49800,89400,30900,,4900,53600,106400,34200,2700,7600,61900,129900,48700,2400,3800,75000,147300,44300,3000,4600,95500,167000,53600,3900,4200,105200,184200,53800,3700,4500,122200
47000,47,沖縄県,Okinawa-ken,prefecture,,,,,,,,,,,,,,,,12800,,,,,21800,,,300,,20800,10800,,400,9500,36200,24800,,600,10900,43700,27300,,1000,15400,52100,31700,,2400,18000,51800,27900,1800,4600,17600,58400,32200,1700,2700,21900,62400,33900,1600,3200,23800,67900,36400,1200,3500,26800,65400,31900,1700,3700,28100
01100,01,札幌市,Sapporo-shi,major_city,,,,,,,,,,,,,,,,16500,,,,,31500,,,,,51800,41130,,610,10060,73290,64520,,750,8020,78400,61400,,2500,14500,98400,77100,,3100,18200,106800,71800,5000,2200,27800,135600,107700,8600,2700,16600,142200,104400,6000,2800,29000,125400,76100,2900,2100,44300,155800,111600,10900,1500,31800
04100,04,仙台市,Sendai-shi,major_city,,,,,,,,,,,,,,,,,,,,,,,,,,,,,,,,,,,,44700,30100,,2300,12300,63100,52800,,1400,8900,68100,51300,4200,1300,11400,81100,59800,2900,1200,17200,56000,33500,1000,2300,19300,63800,44500,2100,1200,16000,67600,47200,4000,500,15800
11100,11,さいたま市,Saitama-shi,major_city,,,,,,,,,,,,,,,,,,,,,,,,,,,,,,,,,,,,,,,,,,,,,,42700,27600,3000,1200,11000,56500,35200,5800,800,14700,56300,36500,2900,1100,15800,57500,35600,2900,900,18100,56500,31400,4200,700,20100
12100,12,千葉市,Chiba-shi,major_city,,,,,,,,,,,,,,,,,,,,,,,,,,,,,,,,,,,,32500,24600,,600,7300,50500,39500,,2200,8700,58700,35800,4600,4900,13400,54200,33700,6600,1300,12600,52700,33700,2600,700,15700,57900,39200,2400,400,15800,52700,33800,4700,400,13700
13100,13,特別区部,Ku-area,major_city,32000,,,,,52000,,,,,101350,,,,,165800,,,,,267400,,,,,310030,213090,,13560,83390,309820,214650,,16120,79050,398200,294000,,23200,81000,457800,352400,,20000,85400,491500,340200,34100,16500,100800,544800,354700,39500,11300,139300,587300,425300,40700,8000,113200,572900,407200,31100,6300,128400,646800,458200,32000,5700,150900
14100,14,横浜市,Yokohama-shi,major_city,6300,,,,,8300,,,,,22610,,,,,41400,,,,,56000,,,,,68100,43560,,1860,22670,74400,48080,,2490,23830,103500,75900,,3200,24400,136700,103300,,5000,28400,148800,94100,10200,6200,38400,160400,96200,10800,2500,50900,178100,112300,10500,2700,52600,178300,113400,11800,1500,51700,168600,105700,10000,1300,51500
14130,14,川崎市,Kawasaki-shi,major_city,,,,,,,,,,,,,,,,18800,,,,,27000,,,,,31820,20820,,550,10450,31350,22270,,870,8210,44800,33700,,1000,10100,59400,47600,,900,10800,62000,45100,4300,1300,11200,69500,48400,5700,900,14500,78500,59800,4400,600,13600,73800,46500,3200,300,23800,75100,51000,3400,500,20100
14150,14,相模原市,Sagamihara-shi,major_city,,,,,,,,,,,,,,,,,,,,,,,,,,,,,,,,,,,,,,,,,,,,,,,,,,,,,,,,35900,23600,1200,1000,10200,36200,23600,1600,700,10400,30200,16900,1100,400,11800
15100,15,新潟市,Niigata-shi,major_city,,,,,,,,,,,,,,,,,,,,,,,,,,,,,,,,,,,,,,,,,,,,,,,,,,,41900,25800,3800,1000,11400,44000,22000,1400,2200,18400,48400,27600,1600,600,18600,50100,25900,1600,700,21900
22100,22,静岡市,Shizuoka-shi,major_city,,,,,,,,,,,,,,,,,,,,,,,,,,,,,,,,,,,,,,,,,,,,,,,,,,,40000,26200,1400,1100,11300,43500,25600,1400,1200,15300,47900,32100,1400,900,13600,52700,32900,1600,800,17500
22130,22,浜松市,Hamamatsu-shi,major_city,,,,,,,,,,,,,,,,,,,,,,,,,,,,,,,,,,,,,,,,,,,,,,,,,,,30300,16500,1100,2300,10300,49200,31900,1300,1300,14700,46700,27500,1800,1400,16100,47400,26100,1200,2300,17700
23100,23,名古屋市,Nagoya-shi,major_city,8700,,,,,9800,,,,,23380,,,,,42800,,,,,76200,,,,,87350,58820,,4540,23990,96630,67520,,3660,25450,95800,63200,,5700,26900,122900,86600,,5000,31200,144600,96700,6600,5600,35700,147300,99300,5100,2800,40100,167700,115800,8100,2500,41400,156900,106800,5600,2000,42600,173000,118100,8400,1900,44600
26100,26,京都市,Kyoto-shi,major_city,4200,,,,,6200,,,,,12450,,,,,20900,,,,,40700,,,,,58060,34380,,4630,19050,68290,40430,,6880,20980,68900,42200,,4700,22000,92800,57800,,5100,29800,97100,51300,5100,7600,33000,110300,57400,7300,7200,38300,114300,58900,4900,5400,45100,106000,54600,4200,2200,45100,105300,54800,3500,2700,44300
27100,27,大阪市,Osaka-shi,major_city,17000,,,,,17900,,,,,40910,,,,,63000,,,,,104100,,,,,131320,96700,,4790,29830,161450,119220,,10180,32050,162800,118600,,8400,35900,212900,165700,,8100,39100,255400,183300,16800,9900,45400,255200,163800,15500,6500,69400,280700,189800,12300,5100,73500,286100,196800,10400,3200,75700,294600,204000,13100,3500,74100
27140,27,堺市,Sakai-shi,major_city,,,,,,,,,,,,,,,,,,,,,,,,,,,,,,,,,,,,,,,,,,,,,,,,,,,51900,33300,3500,500,14600,53800,31900,2600,700,18700,54800,34400,2200,700,17600,55200,30500,2100,400,22200
28100,28,神戸市,Kobe-shi,major_city,7100,,,,,9600,,,,,15620,,,,,26600,,,,,44700,,,,,60750,41020,,2530,17200,62710,42420,,3280,17010,61700,38500,,5300,17800,95200,55800,,3500,35900,91400,54100,5700,7100,24500,104600,59600,7000,2900,35100,108100,58700,8300,4000,37200,109200,64600,7500,2100,35000,118400,70000,6800,2200,39500
33100,33,岡山市,Okayama-shi,major_city,,,,,,,,,,,,,,,,,,,,,,,,,,,,,,,,,,,,,,,,,,,,,,,,,,,,,,,,55300,31500,2000,800,20900,53200,32200,1100,700,19100,56100,30800,1200,1100,22900
34100,34,広島市,Hiroshima-shi,major_city,,,,,,,,,,,,,,,,,,,,,,,,,,28920,18580,,730,9620,38240,26610,,1470,10160,51300,32300,,1800,17200,66500,49100,,3000,14400,72400,50000,3300,2000,17100,78900,46800,2800,5200,24100,83400,50400,3000,1700,28400,73000,41400,3000,1700,26900,73700,47900,2500,1100,22300
40100,40,北九州市,Kitakyushu-shi,major_city,,,,,,7400,,,,,13510,,,,,25600,,,,,30100,,,,,37750,24360,,350,13040,49030,39070,,880,9080,47400,32000,,1400,14100,52700,36700,,1400,14600,60100,36700,3100,3000,17300,74900,46800,3900,1100,23100,71200,38900,3400,900,27900,79300,45600,6900,600,26200,82700,51500,3000,500,27600
40130,40,福岡市,Fukuoka-shi,major_city,,,,,,,,,,,,,,,,15600,,,,,32800,,,,,45640,33430,,1160,11040,56350,44710,,1240,10400,56200,41700,,1900,12500,61700,47700,,2400,11700,76700,54500,3400,3500,15300,116800,90900,5000,3000,17900,104500,78600,3400,2000,20500,94200,64500,3500,1400,24800,79700,59300,6600,500,13300
43100,43,熊本市,Kumamoto-shi,major_city,,,,,,,,,,,,,,,,,,,,,,,,,,,,,,,,,,,,,,,,,,,,,,,,,,,,,,,,50300,30300,1600,1300,17200,43500,24900,1300,500,16900,51000,32800,1200,1100,15900
