survey_year,area_code,pref_code,pref_name,city_name,ward_name,full_name,level,dwellings_total,occupied_total,occupied_exclusive,occupied_shared,unoccupied_total,temporary_occupants_only,vacant_total,vacant_for_rent,vacant_for_sale,vacant_secondary,vacant_other,under_construction,other_buildings,vacant_rate_pct,vacant_other_rate_pct,vacant_for_rent_rate_pct
2023,00000,00,全国,,,全国,national,65046700,55665000,55327600,337400,9381700,285500,9001600,4435800,326200,383500,3856000,94700,82800,13.84,5.93,6.82
2023,01000,01,北海道,,,北海道,prefecture,2888500,2423200,2404500,18800,465300,10000,451900,258700,19600,10700,163000,3300,5300,15.64,5.64,8.96
2023,01100,01,北海道,札幌市,,北海道 札幌市,city,1128200,967400,960700,6800,160700,3700,155800,111600,10900,1500,31800,1300,1500,13.81,2.82,9.89
2023,01101,01,北海道,,中央区,北海道 中央区,ward,174070,141400,140710,690,32670,520,32100,18070,5230,240,8560,50,170,18.44,4.92,10.38
2023,01102,01,北海道,,北区,北海道 北区,ward,163690,138480,137300,1170,25220,230,24740,19230,700,40,4770,240,210,15.11,2.91,11.75
2023,01103,01,北海道,,東区,北海道 東区,ward,151460,128540,127570,960,22920,820,21830,17110,850,490,3390,270,210,14.41,2.24,11.3
2023,01104,01,北海道,,白石区,北海道 白石区,ward,128110,108890,107900,990,19220,860,18240,15390,990,10,1850,120,150,14.24,1.44,12.01
2023,01105,01,北海道,,豊平区,北海道 豊平区,ward,140630,120820,120230,590,19810,740,19050,15710,1520,100,1720,30,110,13.55,1.22,11.17
2023,01106,01,北海道,,南区,北海道 南区,ward,71620,61440,60920,520,10170,20,10100,6200,450,220,3230,60,150,14.1,4.51,8.66
2023,01107,01,北海道,,西区,北海道 西区,ward,119190,105400,104780,620,13790,100,13560,8170,240,210,4940,130,180,11.38,4.14,6.85
2023,01108,01,北海道,,厚別区,北海道 厚別区,ward,62740,56040,55780,260,6700,50,6520,4980,250,90,1200,140,70,10.39,1.91,7.94
2023,01109,01,北海道,,手稲区,北海道 手稲区,ward,67500,61230,60730,500,6270,70,6030,4440,410,100,1080,170,140,8.93,1.6,6.58
2023,01110,01,北海道,,清田区,北海道 清田区,ward,49150,45190,44730,450,3960,280,3620,2270,290,20,1040,60,110,7.37,2.12,4.62
2023,01202,01,北海道,函館市,,北海道 函館市,city,146510,117770,116870,900,28740,420,28210,16700,630,710,10170,110,260,19.25,6.94,11.4
2023,01203,01,北海道,小樽市,,北海道 小樽市,city,64160,52880,52630,260,11280,70,11140,5360,330,390,5060,70,70,17.36,7.89,8.35
2023,01204,01,北海道,旭川市,,北海道 旭川市,city,181430,154520,153320,1200,26920,940,25670,17130,810,260,7470,310,540,14.15,4.12,9.44
2023,01205,01,北海道,室蘭市,,北海道 室蘭市,city,48690,38650,38350,300,10040,190,9790,5200,410,100,4080,60,40,20.11,8.38,10.68
2023,01206,01,北海道,釧路市,,北海道 釧路市,city,95150,76540,75870,670,18620,340,18160,11160,610,130,6260,110,260,19.09,6.58,11.73
2023,01207,01,北海道,帯広市,,北海道 帯広市,city,92200,80750,80110,640,11450,510,10810,7170,280,70,3290,130,160,11.72,3.57,7.78
2023,01208,01,北海道,北見市,,北海道 北見市,city,62980,53900,53600,300,9080,190,8890,5700,150,100,2950,,70,14.12,4.68,9.05
2023,01209,01,北海道,夕張市,,北海道 夕張市,city,5540,3270,3240,30,2270,90,2180,1220,10,0,950,,10,39.35,17.15,22.02
2023,01210,01,北海道,岩見沢市,,北海道 岩見沢市,city,39770,33680,33410,270,6090,10,6040,3630,180,70,2170,30,60,15.19,5.46,9.13
2023,01211,01,北海道,網走市,,北海道 網走市,city,19140,15840,15800,40,3300,30,3260,1920,80,10,1250,10,10,17.03,6.53,10.03
2023,01212,01,北海道,留萌市,,北海道 留萌市,city,11580,9320,9210,110,2260,,2230,1490,20,,720,30,10,19.26,6.22,12.87
2023,01213,01,北海道,苫小牧市,,北海道 苫小牧市,city,91300,75520,74450,1070,15780,250,15300,8390,390,140,6380,230,160,16.76,6.99,9.19
2023,01214,01,北海道,稚内市,,北海道 稚内市,city,17760,15050,14880,170,2720,30,2670,1370,110,50,1140,20,60,15.03,6.42,7.71
2023,01215,01,北海道,美唄市,,北海道 美唄市,city,10970,8600,8520,70,2370,20,2350,880,30,90,1350,,60,21.42,12.31,8.02
2023,01216,01,北海道,芦別市,,北海道 芦別市,city,7970,5720,5690,30,2250,10,2240,1250,40,,950,,0,28.11,11.92,15.68
2023,01217,01,北海道,江別市,,北海道 江別市,city,57540,51170,50560,610,6370,10,6270,4370,310,30,1560,90,70,10.9,2.71,7.59
2023,01218,01,北海道,赤平市,,北海道 赤平市,city,6250,4340,4330,10,1910,,1910,1160,40,30,680,,60,30.56,10.88,18.56
2023,01219,01,北海道,紋別市,,北海道 紋別市,city,12630,10860,10820,50,1770,30,1730,550,10,,1170,0,40,13.7,9.26,4.35
2023,01220,01,北海道,士別市,,北海道 士別市,city,9400,7790,7730,70,1600,10,1600,650,100,10,830,,30,17.02,8.83,6.91
2023,01221,01,北海道,名寄市,,北海道 名寄市,city,14330,11940,11920,30,2390,20,2360,1180,10,20,1150,10,20,16.47,8.03,8.23
2023,01222,01,北海道,三笠市,,北海道 三笠市,city,5930,3590,3560,30,2340,10,2330,1210,30,0,1090,,10,39.29,18.38,20.4
2023,01223,01,北海道,根室市,,北海道 根室市,city,12070,10060,9930,130,2010,10,1990,860,30,50,1050,10,30,16.49,8.7,7.13
2023,01224,01,北海道,千歳市,,北海道 千歳市,city,51060,43870,43570,300,7190,250,6830,5040,100,140,1550,110,120,13.38,3.04,9.87
2023,01225,01,北海道,滝川市,,北海道 滝川市,city,22100,18160,17960,200,3940,160,3790,1950,150,10,1680,,10,17.15,7.6,8.82
2023,01226,01,北海道,砂川市,,北海道 砂川市,city,9280,7580,7530,40,1700,20,1670,840,50,20,760,10,10,18.0,8.19,9.05
2023,01227,01,北海道,歌志内市,,北海道 歌志内市,city,2010,1260,1250,10,740,,740,190,10,,540,,0,36.82,26.87,9.45
2023,01228,01,北海道,深川市,,北海道 深川市,city,11250,8810,8770,40,2440,40,2380,1230,30,10,1110,20,30,21.16,9.87,10.93
2023,01229,01,北海道,富良野市,,北海道 富良野市,city,11000,9150,9040,110,1850,50,1800,990,80,50,680,10,0,16.36,6.18,9.0
2023,01230,01,北海道,登別市,,北海道 登別市,city,24240,19790,19580,210,4450,70,4360,2090,150,80,2040,20,80,17.99,8.42,8.62
2023,01231,01,北海道,恵庭市,,北海道 恵庭市,city,34500,30340,30080,260,4160,40,4050,2880,120,10,1040,70,20,11.74,3.01,8.35
2023,01233,01,北海道,伊達市,,北海道 伊達市,city,17390,14350,14270,80,3040,60,2960,1090,80,70,1720,20,30,17.02,9.89,6.27
2023,01234,01,北海道,北広島市,,北海道 北広島市,city,26350,24250,23950,300,2090,20,2050,930,140,50,920,30,70,7.78,3.49,3.53
2023,01235,01,北海道,石狩市,,北海道 石狩市,city,26260,24030,23950,80,2230,20,2210,930,80,50,1150,,120,8.42,4.38,3.54
2023,01236,01,北海道,北斗市,,北海道 北斗市,city,21570,18410,18340,70,3160,40,3120,1450,90,30,1550,,50,14.46,7.19,6.72
2023,01303,01,北海道,当別町,,北海道 当別町,city,8340,7190,7100,90,1160,20,1120,510,,150,460,20,,13.43,5.52,6.12
2023,01337,01,北海道,七飯町,,北海道 七飯町,city,15090,12310,12230,90,2770,60,2690,700,330,130,1530,20,10,17.83,10.14,4.64
2023,01346,01,北海道,八雲町,,北海道 八雲町,city,8060,6710,6690,20,1350,30,1310,430,40,30,810,10,40,16.25,10.05,5.33
2023,01400,01,北海道,倶知安町,,北海道 倶知安町,city,9150,7240,7120,120,1910,180,1730,550,30,420,730,,10,18.91,7.98,6.01
2023,01408,01,北海道,余市町,,北海道 余市町,city,9580,7590,7530,70,1980,70,1870,820,130,10,910,50,100,19.52,9.5,8.56
2023,01543,01,北海道,美幌町,,北海道 美幌町,city,9320,7840,7790,50,1480,70,1380,540,60,50,740,30,,14.81,7.94,5.79
2023,01555,01,北海道,遠軽町,,北海道 遠軽町,city,10910,8630,8590,40,2280,170,2110,650,30,120,1320,,,19.34,12.1,5.96
2023,01578,01,北海道,白老町,,北海道 白老町,city,11010,7550,7500,50,3460,20,3440,750,,1290,1400,,10,31.24,12.72,6.81
2023,01610,01,北海道,新ひだか町,,北海道 新ひだか町,city,13070,10290,10270,20,2780,90,2690,1350,280,,1070,,,20.58,8.19,10.33
2023,01631,01,北海道,音更町,,北海道 音更町,city,20620,18340,18260,80,2280,80,2200,1130,80,30,960,,10,10.67,4.66,5.48
2023,01637,01,北海道,芽室町,,北海道 芽室町,city,8500,7570,7480,90,930,,930,570,,,360,,,10.94,4.24,6.71
2023,01643,01,北海道,幕別町,,北海道 幕別町,city,12220,10890,10800,90,1320,,1320,500,30,20,780,,,10.8,6.38,4.09
2023,01661,01,北海道,釧路町,,北海道 釧路町,city,10320,8490,8390,90,1830,40,1790,790,110,,890,,,17.34,8.62,7.66
2023,01692,01,北海道,中標津町,,北海道 中標津町,city,12490,10230,10110,110,2270,,2270,1190,270,30,790,,,18.17,6.33,9.53
2023,02000,02,青森県,,,青森県,prefecture,590300,488700,484800,3900,101600,1900,98800,39900,2200,1700,55000,900,1700,16.74,9.32,6.76
2023,02201,02,青森県,青森市,,青森県 青森市,city,134280,113690,112820,870,20590,130,20260,11040,540,300,8380,200,300,15.09,6.24,8.22
2023,02202,02,青森県,弘前市,,青森県 弘前市,city,80440,67070,66550,520,13370,490,12690,6490,200,260,5740,190,270,15.78,7.14,8.07
2023,02203,02,青森県,八戸市,,青森県 八戸市,city,113020,92330,91600,740,20690,220,20280,10490,440,250,9100,190,280,17.94,8.05,9.28
2023,02204,02,青森県,黒石市,,青森県 黒石市,city,12970,11280,11220,60,1690,40,1630,460,20,80,1080,20,30,12.57,8.33,3.55
2023,02205,02,青森県,五所川原市,,青森県 五所川原市,city,24380,20050,19860,180,4330,10,4330,1660,140,40,2490,,80,17.76,10.21,6.81
2023,02206,02,青森県,十和田市,,青森県 十和田市,city,30410,24590,24400,190,5820,260,5550,2340,150,160,2890,10,80,18.25,9.5,7.69
2023,02207,02,青森県,三沢市,,青森県 三沢市,city,20750,16800,16610,190,3950,50,3760,2220,20,10,1510,140,40,18.12,7.28,10.7
2023,02208,02,青森県,むつ市,,青森県 むつ市,city,28850,22820,22720,100,6030,30,5990,1690,30,120,4160,10,30,20.76,14.42,5.86
2023,02209,02,青森県,つがる市,,青森県 つがる市,city,12510,10270,10180,90,2230,50,2180,240,40,10,1890,10,80,17.43,15.11,1.92
2023,02210,02,青森県,平川市,,青森県 平川市,city,12020,10400,10370,30,1620,10,1610,160,,160,1290,,20,13.39,10.73,1.33
2023,02408,02,青森県,東北町,,青森県 東北町,city,6430,5620,5560,60,800,10,770,70,,,690,20,50,11.98,10.73,1.09
2023,02412,02,青森県,おいらせ町,,青森県 おいらせ町,city,9690,8650,8630,20,1050,20,1020,450,100,,470,,50,10.53,4.85,4.64
2023,02442,02,青森県,五戸町,,青森県 五戸町,city,6660,5950,5930,20,710,,710,100,,,610,,30,10.66,9.16,1.5
2023,02445,02,青森県,南部町,,青森県 南部町,city,7110,6010,6000,10,1090,,1080,70,,10,1000,10,0,15.19,14.06,0.98
2023,03000,03,岩手県,,,岩手県,prefecture,579400,476700,473900,2700,102800,1700,100400,41100,2000,3200,54100,600,1000,17.33,9.34,7.09
2023,03201,03,岩手県,盛岡市,,岩手県 盛岡市,city,155760,130530,129990,540,25230,590,24330,14650,390,330,8970,300,280,15.62,5.76,9.41
2023,03202,03,岩手県,宮古市,,岩手県 宮古市,city,24640,19120,18850,270,5520,50,5470,1980,40,90,3360,,20,22.2,13.64,8.04
2023,03203,03,岩手県,大船渡市,,岩手県 大船渡市,city,16290,12950,12820,140,3330,10,3320,1360,20,120,1820,,10,20.38,11.17,8.35
2023,03205,03,岩手県,花巻市,,岩手県 花巻市,city,41780,34530,34410,120,7250,120,7120,2220,70,100,4730,,100,17.04,11.32,5.31
2023,03206,03,岩手県,北上市,,岩手県 北上市,city,46140,39710,39550,160,6430,110,6210,3730,170,100,2210,100,20,13.46,4.79,8.08
2023,03207,03,岩手県,久慈市,,岩手県 久慈市,city,16400,12580,12460,120,3810,290,3490,1050,50,90,2310,30,50,21.28,14.09,6.4
2023,03208,03,岩手県,遠野市,,岩手県 遠野市,city,11740,8990,8960,30,2740,60,2680,520,40,70,2060,,50,22.83,17.55,4.43
2023,03209,03,岩手県,一関市,,岩手県 一関市,city,48620,39930,39770,160,8690,,8690,3190,160,50,5290,,50,17.87,10.88,6.56
2023,03210,03,岩手県,陸前高田市,,岩手県 陸前高田市,city,8090,6920,6890,30,1180,20,1160,360,20,10,760,,10,14.34,9.39,4.45
2023,03211,03,岩手県,釜石市,,岩手県 釜石市,city,18740,14150,14070,80,4590,50,4510,1880,50,40,2530,30,20,24.07,13.5,10.03
2023,03213,03,岩手県,二戸市,,岩手県 二戸市,city,12360,10010,9980,20,2360,30,2330,690,40,20,1560,,20,18.85,12.62,5.58
2023,03214,03,岩手県,八幡平市,,岩手県 八幡平市,city,13170,8380,8340,40,4790,,4760,890,440,1400,2030,30,10,36.14,15.41,6.76
2023,03215,03,岩手県,奥州市,,岩手県 奥州市,city,50540,41990,41590,390,8560,70,8380,3010,60,100,5220,110,80,16.58,10.33,5.96
2023,03216,03,岩手県,滝沢市,,岩手県 滝沢市,city,25130,21760,21660,100,3360,,3330,2090,80,30,1130,30,30,13.25,4.5,8.32
2023,03301,03,岩手県,雫石町,,岩手県 雫石町,city,6150,5110,5070,40,1040,10,1030,270,20,100,630,,20,16.75,10.24,4.39
2023,03321,03,岩手県,紫波町,,岩手県 紫波町,city,13260,11740,11650,90,1520,20,1500,570,20,70,840,,,11.31,6.33,4.3
2023,03322,03,岩手県,矢巾町,,岩手県 矢巾町,city,11610,10620,10580,40,990,20,970,490,20,,460,,20,8.35,3.96,4.22
2023,03381,03,岩手県,金ケ崎町,,岩手県 金ケ崎町,city,6450,5740,5680,60,710,,690,50,20,10,620,10,10,10.7,9.61,0.78
2023,03507,03,岩手県,洋野町,,岩手県 洋野町,city,6660,5270,5250,20,1390,80,1310,100,,30,1180,,10,19.67,17.72,1.5
2023,04000,04,宮城県,,,宮城県,prefecture,1129200,983900,978300,5600,145300,3300,140300,80200,6500,1600,52000,1700,1300,12.42,4.61,7.1
2023,04100,04,宮城県,仙台市,,宮城県 仙台市,city,604700,534100,531200,2900,70600,2100,67600,47200,4000,500,15800,1000,600,11.18,2.61,7.81
2023,04101,04,宮城県,,青葉区,宮城県 青葉区,ward,191510,165040,164180,860,26470,550,25740,17480,2570,240,5450,190,90,13.44,2.85,9.13
2023,04102,04,宮城県,,宮城野区,宮城県 宮城野区,ward,108030,96610,96030,580,11420,180,11060,7900,200,30,2930,180,130,10.24,2.71,7.31
2023,04103,04,宮城県,,若林区,宮城県 若林区,ward,77760,69650,69250,400,8110,680,7290,4650,210,,2430,140,70,9.38,3.12,5.98
2023,04104,04,宮城県,,太白区,宮城県 太白区,ward,122980,107700,107000,700,15280,470,14500,11160,530,110,2700,310,200,11.79,2.2,9.07
2023,04105,04,宮城県,,泉区,宮城県 泉区,ward,104430,95080,94720,360,9350,210,8980,6030,520,150,2270,160,110,8.6,2.17,5.77
2023,04202,04,宮城県,石巻市,,宮城県 石巻市,city,65950,55250,54860,380,10700,220,10400,6120,590,130,3560,80,100,15.77,5.4,9.28
2023,04203,04,宮城県,塩竈市,,宮城県 塩竈市,city,24460,20910,20710,200,3550,10,3500,1220,180,20,2070,40,10,14.31,8.46,4.99
2023,04205,04,宮城県,気仙沼市,,宮城県 気仙沼市,city,28250,23330,23240,90,4920,30,4850,1860,60,10,2920,40,60,17.17,10.34,6.58
2023,04206,04,宮城県,白石市,,宮城県 白石市,city,14930,12200,12150,50,2730,60,2660,1060,60,40,1490,10,70,17.82,9.98,7.1
2023,04207,04,宮城県,名取市,,宮城県 名取市,city,32470,29730,29600,120,2750,190,2470,1620,80,30,740,90,60,7.61,2.28,4.99
2023,04208,04,宮城県,角田市,,宮城県 角田市,city,12510,10270,10160,110,2240,10,2200,1050,30,30,1100,20,,17.59,8.79,8.39
2023,04209,04,宮城県,多賀城市,,宮城県 多賀城市,city,30750,26970,26730,240,3790,60,3660,2730,20,30,880,70,50,11.9,2.86,8.88
2023,04211,04,宮城県,岩沼市,,宮城県 岩沼市,city,19560,17370,17200,170,2190,180,1980,1250,60,60,600,30,30,10.12,3.07,6.39
2023,04212,04,宮城県,登米市,,宮城県 登米市,city,29810,25370,25320,50,4440,,4420,1440,50,20,2910,20,60,14.83,9.76,4.83
2023,04213,04,宮城県,栗原市,,宮城県 栗原市,city,26760,22020,21960,60,4740,20,4690,1060,100,70,3460,40,60,17.53,12.93,3.96
2023,04214,04,宮城県,東松島市,,宮城県 東松島市,city,16280,13990,13890,100,2300,70,2230,1430,100,,690,,30,13.7,4.24,8.78
2023,04215,04,宮城県,大崎市,,宮城県 大崎市,city,57430,48100,47770,330,9330,120,9160,4680,340,110,4030,40,40,15.95,7.02,8.15
2023,04216,04,宮城県,富谷市,,宮城県 富谷市,city,19680,18740,18680,60,940,10,910,360,90,10,440,20,20,4.62,2.24,1.83
2023,04321,04,宮城県,大河原町,,宮城県 大河原町,city,11370,9850,9810,40,1520,,1510,840,90,,580,20,,13.28,5.1,7.39
2023,04323,04,宮城県,柴田町,,宮城県 柴田町,city,18750,15820,15720,100,2920,20,2840,1490,80,,1260,70,20,15.15,6.72,7.95
2023,04361,04,宮城県,亘理町,,宮城県 亘理町,city,13760,12390,12360,30,1370,20,1350,550,30,40,740,,10,9.81,5.38,4.0
2023,04404,04,宮城県,七ヶ浜町,,宮城県 七ヶ浜町,city,7350,6630,6580,40,720,,720,140,90,160,330,,10,9.8,4.49,1.9
2023,04406,04,宮城県,利府町,,宮城県 利府町,city,13830,12740,12630,110,1090,,1070,480,30,20,540,20,0,7.74,3.9,3.47
2023,04421,04,宮城県,大和町,,宮城県 大和町,city,12190,11160,11110,50,1030,60,980,430,110,20,410,,10,8.04,3.36,3.53
2023,04445,04,宮城県,加美町,,宮城県 加美町,city,8900,7560,7520,40,1340,,1340,420,70,20,820,,,15.06,9.21,4.72
2023,04501,04,宮城県,涌谷町,,宮城県 涌谷町,city,6040,5200,5190,10,840,,810,110,10,10,680,20,30,13.41,11.26,1.82
2023,04505,04,宮城県,美里町,,宮城県 美里町,city,9680,8430,8350,80,1250,,1250,290,50,,900,,0,12.91,9.3,3.0
2023,05000,05,秋田県,,,秋田県,prefecture,440600,369400,367700,1700,71200,1100,69500,23600,1000,1000,43900,600,1300,15.77,9.96,5.36
2023,05201,05,秋田県,秋田市,,秋田県 秋田市,city,156990,133310,132650,670,23670,330,23010,12480,220,110,10200,330,400,14.66,6.5,7.95
2023,05202,05,秋田県,能代市,,秋田県 能代市,city,25480,20340,20210,130,5140,,5130,1260,80,50,3750,10,60,20.13,14.72,4.95
2023,05203,05,秋田県,横手市,,秋田県 横手市,city,34940,30200,30150,50,4740,140,4590,1480,190,70,2860,10,40,13.14,8.19,4.24
2023,05204,05,秋田県,大館市,,秋田県 大館市,city,32550,26920,26760,160,5630,90,5530,1550,50,10,3930,10,40,16.99,12.07,4.76
2023,05206,05,秋田県,男鹿市,,秋田県 男鹿市,city,13170,10120,10100,20,3050,,3050,510,10,110,2410,10,40,23.16,18.3,3.87
2023,05207,05,秋田県,湯沢市,,秋田県 湯沢市,city,16970,14550,14500,50,2420,20,2390,720,20,10,1650,10,80,14.08,9.72,4.24
2023,05209,05,秋田県,鹿角市,,秋田県 鹿角市,city,13830,10670,10620,50,3170,50,3090,860,160,80,2000,30,20,22.34,14.46,6.22
2023,05210,05,秋田県,由利本荘市,,秋田県 由利本荘市,city,33880,28170,28050,120,5710,180,5510,2110,70,70,3270,20,110,16.26,9.65,6.23
2023,05211,05,秋田県,潟上市,,秋田県 潟上市,city,14550,12350,12230,120,2200,10,2170,410,30,10,1720,10,40,14.91,11.82,2.82
2023,05212,05,秋田県,大仙市,,秋田県 大仙市,city,32130,28010,27920,90,4120,50,4050,690,120,50,3190,20,40,12.61,9.93,2.15
2023,05213,05,秋田県,北秋田市,,秋田県 北秋田市,city,12910,10480,10450,30,2430,150,2240,460,30,110,1650,40,130,17.35,12.78,3.56
2023,05214,05,秋田県,にかほ市,,秋田県 にかほ市,city,9880,8250,8220,20,1640,10,1620,190,50,70,1300,,40,16.4,13.16,1.92
2023,05215,05,秋田県,仙北市,,秋田県 仙北市,city,10000,8380,8320,60,1620,70,1550,310,10,40,1200,,90,15.5,12.0,3.1
2023,05348,05,秋田県,三種町,,秋田県 三種町,city,7090,5540,5500,40,1550,40,1510,130,,20,1360,,10,21.3,19.18,1.83
2023,05434,05,秋田県,美郷町,,秋田県 美郷町,city,4750,4580,4560,20,170,,170,100,,,70,,50,3.58,1.47,2.11
2023,06000,06,山形県,,,山形県,prefecture,455400,391500,389800,1600,63900,1600,61700,22200,1900,1600,35900,600,1100,13.55,7.88,4.87
2023,06201,06,山形県,山形市,,山形県 山形市,city,118870,101880,101470,410,17000,450,16390,8750,470,370,6790,160,190,13.79,5.71,7.36
2023,06202,06,山形県,米沢市,,山形県 米沢市,city,38480,32120,31940,180,6360,10,6290,3500,160,110,2520,50,110,16.35,6.55,9.1
2023,06203,06,山形県,鶴岡市,,山形県 鶴岡市,city,50940,43540,43290,250,7400,80,7270,1500,180,430,5160,40,260,14.27,10.13,2.94
2023,06204,06,山形県,酒田市,,山形県 酒田市,city,45020,38360,38150,220,6650,,6590,1140,220,20,5210,70,150,14.64,11.57,2.53
2023,06205,06,山形県,新庄市,,山形県 新庄市,city,14830,12700,12680,30,2130,70,1980,950,80,40,910,80,30,13.35,6.14,6.41
2023,06206,06,山形県,寒河江市,,山形県 寒河江市,city,15980,13940,13900,40,2040,20,2020,870,50,70,1030,,20,12.64,6.45,5.44
2023,06207,06,山形県,上山市,,山形県 上山市,city,12280,10340,10300,40,1940,70,1870,260,60,60,1480,,30,15.23,12.05,2.12
2023,06208,06,山形県,村山市,,山形県 村山市,city,8360,7320,7310,10,1030,10,1020,160,10,30,830,10,30,12.2,9.93,1.91
